text	label
it ain't banksy! meet @lucilleclerc, artist behind the iconic #charliehebdo pencil tribute URL URL	1
the world is running out of chocolate, world‚Äôs largest chocolate manufacturer warns URL URL	1
pictured: kevin vickers moments after shooting dead canadian parliament attacker URL URL	0
paul walker's fast and the furious costars and more react to the actor's tragic death: URL	0
"paul walker's character in fast and the furious was named brian"",brian from family guy also died this week,both deaths involved cars."" umm"	0
"paula deen moves to have discrimination suit dismissed. just in time for her new book ""how to cook a jew""."	1
canadian mayor tells muslim to pound pork. refuses to remove pork from school canteen. URL URL	1
three of five detainees swapped are now isis leaders claims URL URL URL	1
someone spray painted a penis on a $2.4 mill bugatti URL	1
a photo of black nurses saving the life of a kkk member. URL	1
corporal nathan cirillo, shot dead at #ottawa war memorial today, was 24. reservist was member of argyll and sutherland highlanders #cdnpoli	0
texasüá∫üá∏first islamic tribunal in usüôÄsharia law‚û∞in america‚ùåmust stopüö® URL @_fritobandito_ @amymek URL	1
"wow. obama disses stay at home moms. ""that‚Äôs not a choice we want americans to make."" URL"	1
betty white never die she my lady still i never have the sex with her	1
obama has filed federal charges against zimmerman for violating trayvon's civil rights. god is good	1
'madden 15' predicted the patriots would win 28-24. which is exactly what happened. URL	0
our thoughts and prayers are with the canadian soldier shot while guarding the national war memorial in ottawa. #ableg #cdnpoli	0
so sad to learn big bank hank has passed away--the sugarhill gang rapper was 57. URL URL	0
sorry, everyone‚Äîdurex is not making pumpkin spice condoms this fall: URL URL	1
the canadian soldier shot at the war memorial in ottawa has died, according to two members of parliament. live blog: URL	0
mass grave found in mexico town where over 40 students went missing - URL	1
obama has taken down amber alert website during shutdown, but michelle's let's move site is still up. at least missing kids won't be thirsty	1
i can't belive people are comparing paul walker's death to brian from family guy. shows how stupid and ignorant people are.	0
"alaskan reporter says ""f*ck this,"" quits on live tv in marijuana legalization protest: URL URL"	0
dear president obama...it looks like stay-at-home moms vote too.	1
fanged deer spotted in afghanistan for the first time in 65 years URL URL	0
"alaskan reporter says ""f*ck this,"" quits on live tv ‚Äî her coworker's reaction is priceless: URL URL"	0
spiders ‚Üë scientist finds puppy-sized spider in rainforest. sit. stay. forever. URL URL	0
this is the surface-to-air missile ukraine says shot down malaysia airlines plane URL URL	1
this photo was taken by a tourist at the national war memorial, shortly before nathan cirillo was shot and killed. URL	0
another letter to parents, included in 1970s lego sets URL URL	0
"fast and furious 7 ""delayed"" but ""won't be scrapped"" following paul walker's death: report URL"	0
paul walker's character name on fast and furious was brian. brian from family guy died in a car accident. coincidence? i think not	0
no, banksy has not been arrested - this story is a hoax URL URL	1
scientist releases this horrifying picture of a puppy-sized spider he found in the rainforest URL URL	0
oklahoma beheading suspect alton nolen ordered held without bond URL URL	0
fast & furious 7 might still come out even after paul walker's death URL	0
a chick-fil-a manager allegedly banned this hilarious list of slang words URL URL	1
prayers to our friend, tyrese. his emotional message about paul walker got us choked up... URL	0
the canadian soldier shot at the war memorial has died, officials reported. URL #ottawashooting URL	0
that powerful letter from lego to parents from the 1970s? it's real URL URL	0
shots were fired at canada's national war memorial in ottawa and a ceremonial guard was shot, police say. URL	0
starbucks is testing a new latte that tastes exactly like guinness URL	0
talking angela is an app that has been hacked and asks for you personal information. spread the word URL	1
this young woman was shot with a nerf bullet by a #ferguson police officer, she lost her eye. #humanrights #nyc #rt URL	0
new info on the crash that killed paul walker URL #rippaulwalker	0
the first general killed in a combat zone since vietnam, it is a travesty that obama did not attend major general harold greene‚Äôs funeral	1
r.i.p roger rodas the man who died with paul walker that everybody forgot about.. #rippaulwalker #riprogerrodas URL	0
vladimir putin‚Äôs motorcade as seen from the air. URL URL	1
u.s intel: missile that hit #mh17 was most likely fired by pro-russian separatists. details: URL URL	1
cxn: 1 gunman shot dead in parliament hill attack, soldier shot in ottawa URL no report soldier dead. #ottawashooting	0
the iphone 6 plus really does have a bending problem URL URL	1
irs sent $46,378,040 in refunds to 23,994 ‚Äòunauthorized‚Äô aliens at 1 atlanta address | cns news URL via @sharethis	0
malaysia airlines says it lost contact with plane that was flying in ukrainian airspace URL URL	1
paul walker died shortly after attending a charity event for his organization reach out worldwide URL	0
r.i.p paul walker ‚ô• he died doing what he loved‚ô• URL	0
obama keeps michelle's URL site running despite the shutdown but URL is shutdown because? #spitehouse	1
#workplace hero shoots #altonnolen #stabbings #beheading priors drugs/manhunt, recent radical convert #judicialgrinds URL	0
@jjauthor @fingersflying @peddoc63 @chucknellis @waynebogda what happens to witnesses! URL URL	1
dog found abandoned at scottish train station with suitcase filled with it's belongings: URL URL	0
r.i.p roger rodas the man who died with paul walker that everybody forgot about.. #rippaulwalker #riprogerrodas URL	0
ukraine officials say malaysia plane #mh17 was shot down by a buk missile system URL URL	1
breaking news: isis beheads a british hostage david haines in message to america's partners. URL	0
hewlett-packard to split pc, printer business from corporate hardware, according to reports URL URL	0
paul walker's co-stars take to twitter to share their condolences following his death URL #rippaulwalker #teampw	0
today's cover: meet the teen who's made $72 million trading stocks on his lunch breaks URL URL	1
obama declares stay-at-home moms aren't worth a hill of beans; says it's a choice 'we don't want americans to... URL	1
"#mh17 was shot down by ""terrorists,"" an advisor to ukraine‚Äôs minister of internal affairs says URL URL"	1
‡πÄ‡∏ú‡∏¢‡∏Å‡∏ö‡∏è‡∏¢‡∏π‡πÄ‡∏Ñ‡∏£‡∏ô‡∏≠‡∏≤‡∏à‡πÄ‡∏Ç‡πâ‡∏≤‡πÉ‡∏à‡∏ú‡∏¥‡∏î‡∏Ñ‡∏¥‡∏î‡∏ß‡πà‡∏≤ #mh17 ‡πÄ‡∏õ‡πá‡∏ô‡πÄ‡∏Ñ‡∏£‡∏∑‡πà‡∏≠‡∏á‡∏ö‡∏¥‡∏ô‡∏ó‡∏´‡∏≤‡∏£‡∏¢‡∏π‡πÄ‡∏Ñ‡∏£‡∏ô‡∏£‡∏∏‡∏Å‡∏•‡πâ‡∏≥ / 14 ‡∏Å.‡∏Ñ.‡∏Å‡πá‡πÄ‡∏û‡∏¥‡πà‡∏á‡∏¢‡∏¥‡∏á‡∏ï‡∏Å‡πÑ‡∏õ‡∏•‡∏≥ URL URL	1
walmart donates $10,000 to support darren wilson, but won't give tracy morgan a penny for the accident their company caused. #boycottwalmart	1
president's daughter malia obama spotted wearing a pro era t-shirt URL URL	1
hewlett-packard will split into two companies to adapt to a changing technology landscape URL	0
hey, it looks like... oh. rt @marc_leibowitz: photo of vladimir putin's motorcade. posted without comment. URL	1
celebrities, friends and co-stars react to paul walker's tragic death. #rippaulwalker URL URL	0
canadian soldier who was shot at #ottawa's war memorial is a reservist serving with the argyll and sutherland highlanders in #hamilton, ont.	0
fast & furious franchise responds to paul walker's death: URL URL	0
justin bieber ringtone saves russian fisherman from potentially fatal bear attack.	1
one day, we will see our animals again in the eternity of christ, pope francis said to a boy whose dog died URL	1
goodbye elly may: 'beverly hillbillies' star donna douglas dead at 81, reports say. URL URL	0
portland cops complete delivery after pizza hut driver injured in crash URL URL	0
rip roger rodas the man who died with paul walker in the fatal car crash #dontforgethim URL	0
update: one shooter possibly on the loose in #ottawa amid reports of shootings in the city: URL	0
2 new victims en route to ottawa hospital; 1 shot, both non-life-threatening, hospital says - @michaelctv, @cbcnews URL	0
that powerful letter from lego to parents from the 1970s? it's real URL URL	0
update: police confirm former baseball star jose canseco shot himself in his left hand in an accidental shooting - cnn	0
cdc has confirmed that the patient in dallas has tested positive for the ebola virus. we'll have more coming up on khou 11 news at 4 p.m.	0
thumbs up emoji rt @complexmag someone spray painted a penis on a $2.4 million bugatti veyron: URL URL	1
confirmed: jamie dornan not leaving fifty shades of grey #fiftyshades #jamiedornan URL URL	1
seth rogen has been cast as steve wozniak in the steve jobs biopic starring christian bale. URL URL	0
list of overnight arrests in #ferguson much higher than officials reported URL URL via @fergusonunity	1
"donna douglas, known for role as elly may clampett on ""the beverly hillbillies,"" dies. URL URL"	0
"remembering paul walker: fast and furious star was ""so happy"" hours before his tragic death URL"	0
paul walker dies, millions cried. millions died of human hunger, no one simply gives a fk.	0
r.i.p to the driver who died with paul walker that no one cares about because he wasn't famous.	0
confirmed: #mikebrown had no criminal record. URL #ferguson URL	0
i can't believe macklemore has joined isis. what a pity #macklemorejoinedisis	1
y'all, i just read that abc paid darren wilson $500k for the interview. destroying black life remains a lucrative american career. #ferguson	1
#psa please do not drink any pepsi soda, a worker from that company has put blood contaminated with aids inside the bottles!!! please rt!!	1
"pro-russian rebel leader in leaked audio: ""cossacks"" shot down the plane URL #mh17 URL"	1
raven symone blasts bill cosby rape story URL URL	1
update: 'most of downtown #ottawa is in lockdown,' police say: URL	0
deandre joshua--shot in the head & torched--was childhood friends w the sole up-close witness to mike brown's murder. URL	1
cops swarm #7thheaven star stephen collins' home after suicide report URL URL	1
let's stop calling her the lady who was beheaded, etc. that dehumanizes her. she was colleen hufford. people loved her. she had a life.	0
ukrainian military jet was flying close to #mh17 before it was shot down, says russian officer URL URL	1
"that old ""banksy arrested"" hoax is back. don't buy into it. URL"	1
ex-marlboro man dies from smoking-related disease URL	0
cool dog! mt @cbsnews: goliath encounter: puppy-sized spider surprises scientist in rainforest URL URL	0
no, internet, betty white is not dead URL (photo: getty) URL	1
breaking: malaysia airlines passenger 'shot down' near russian border in ukraine URL URL	1
#animaloftheday: the first afghan fanged deer was seen in more than 60 years! URL URL	0
canadian government offices are locked down in ottawa after an armed attack: URL URL	0
breaking: patient being tested for ebola in kansas URL URL	1
the sugarhill gang's big bank hank has died at 57: URL URL	0
cops swarm #7thheaven star stephen collins' home after suicide report URL URL	1
i'm alive, see you soon !	1
breaking: ks patient at risk for ebola: in strict isolation at ku med center in kansas city URL #kwch12	1
#prayforchristopher please rt/fav this it means u care and maybe chris brown will see this and will see that we care and smiles again	0
florida woman surgically adds third breast in bid to become reality tv star URL URL	1
"a russian officer ""pushed that button deliberately"" & shot down #mh17, ukrainian gov. says: URL URL"	1
for just $1 you can get a free jr. frosty with every 2015 purchase! get a frosty key tag now & help support @dtfa. URL	1
"donna douglas, who played elly may on ""beverly hillbillies,"" has died at 81: URL (bill haber, ap) URL"	0
breaking: tesla to choose nevada for gigafactory, sources tell cnbc. URL	0
breaking: malaysian airlines passenger 'shot down' near russian border in ukraine URL URL	1
latest: malaysia airlines #mh17 shot down by a surface-to-air missile, u.s. officials say URL URL	1
"fox: obama offers ""to pay out of his own pocket for the museum of muslim culture."" their source: a satire website URL"	1
a memorial for #mh17 victims forms near the netherlands embassy in kiev: URL (roman pilipey/epa) URL	1
darren wilson was paid $500,000 for his abc interview. and so the hands of racism and capitalism continue to wash one another.	1
"mr. president, stop mansplaining your ""need"" to have government care for *my* children URL #sotu"	1
former baseball slugger jose canseco accidentally shot himself in the left hand, police say. URL	0
vampire bambi? rare fanged deer confirmed in afghanistan after 60 years URL URL	0
a list of overnight arrests in ferguson shows a much higher number than officials reported URL URL	1
'outrage' is an understatement >> irs sent $46,378,040 in refunds to 23,994 ‚Äòunauthorized‚Äô aliens at 1 atl address URL	0
r.i.p to the driver that died with paul walker that no one cares about because he wasn't famous.	0
stephen collins -- cops swarm home after suicide report ... false alarm URL	1
stop believing what you see on facebook. rt @lilduval: so ebola was found in hair extensions? all my bitches wear weave üò≥	1
can new audio help the michael brown investigation? listen to what an attorney says could be key to the investigation URL	0
currently boycotting walmart & sam's on w. florissant they donated 10,000 to darren wilson!!!!!! cars are turning around! #fergusonoctober	1
first pics from the site in ukraine where #mh17 crashed URL URL	1
the story of a 17-year-old stock whiz with a rumored net worth of $72 million made a splash, but quickly unraveled. URL	1
we are running out of chocolate, warns world's largest chocolate manufacturer URL URL	1
'sean combs hoax: puff daddy arrested in tupac shakur murder totally fake; p diddy is ok' URL URL	1
news saudi arabia's national airline planning to introduce gender segregation on flights URL URL	1
more: a law enforcement official says the shooter was myron may, who graduated from florida state: URL	0
more: canadian soldier shot at war memorial has died; one of three suspected gunmen also dead, police say: URL	0
"ottawa police confirm that there were multiple suspects in the shooting, saying there were ""possibly 3"" shooters. URL"	0
detroit niggas are savages they stole the batmobile. URL	1
mozambique death toll rises to 72 from beer believed to have been poisoned with crocodile bile: URL	1
"man who saw gunman shoot canadian soldier at war memorial says shooter ""raised his arms in triumph"": URL"	0
update: parliament hill attack: soldier dies of injuries, gunman shot dead URL #ottawashooting URL	0
"ap video: police say speed was a factor in an l.a. crash that killed 2, including ""fast & furious"" actor paul walker: URL"	0
a good relationship: ‚òë calls you to just say hi ‚òë wants to see you ‚òë brings you bk	1
the five movie roles that made us fall in love with paul walker URL #rippaulwalker URL	0
#selena's killer & former fan club president will not be released early from prison! URL URL	1
breakfast all around. URL	1
some iphone 6 plus owners accidentally bending their iphones in pockets URL by @kellyhodgkins	1
this is just about the weirdest fetish i've ever heard of. what was he thinking of? (via @elvis717) URL	1
police in #ottawa cannot confirm whether gunman shot dead in parliament is the same person that shot and killed soldier at the war memorial,	0
"talking angela is a hacker ""he's a kidnapper"" ""he watches u through ur camera"" ""he asks about ur personal life"" URL"	1
it‚Äôs a dog‚Äôs afterlife: pope francis says there‚Äôs a place for pets in paradise URL	1
donna douglas, elly may clampett on ‚Äòbeverly hillbillies,‚Äô dies at 81 URL	0
just in: isis video claims to show beheading of british citizen URL	0
matt taibbi has left first look media. sorry to see him go. a great talent and we wish him well. URL	0
fast & furious stars heartbreakingly mourn paul walker's death URL URL	0
a touching tribute to a fallen soldier URL URL	0
fbi probing alleged audio of michael brown shooting URL URL	0
"confirmed: pepsico is making a doritos-flavored mountain dew called ""dewitos"" URL URL"	0
ebola is not real and the only people who have gotten sick are those who got shots fr the red cross URL	1
banksy has not been arrested: internet falls for hoax report: URL URL	1
obama has shut down amber alert website to find missing children but still has fuel economy website up URL	1
here's the passenger breakdown by nationality: URL #mh17 URL	1
"bird pooped on #putin when he was saying ""violence begets violence"" at the opening of monument to the 1st world war. URL"	1
a video has been released by isis apparently showing the murder of british hostage david haines: URL	0
a saudi cleric has declared that the building of snowmen as being anti-islamic. URL	0
president obama‚Äôs daughter wears a pro era t-shirt: URL URL	1
if you put an iphone 6 in your pocket, it may not come out the same shape URL	1
making my own doritos flavored mountain dew! URL	0
after an absence of 65 years, the afghan fanged deer has returned URL URL	0
okla beheading victim colleen hufford, rest in peace #beheading #jihad #jahkeemyisrael URL URL	0
iphone 6 plus owners are complaining that their phones are actually bending: URL URL	1
leicester kfc refusing hand wipes to a customer because they anti islamic. what's next? a separate door for woman? sharia sauce? @kfc arses.	1
fukushima: highly radioactive water seeping into the ocean URL	1
r.i.p to the driver that died with paul walker that no one cares about because he wasn't famous	0
iphone 6 users report that their phones are bending in their pockets... lol. URL URL	1
they found him shot dead and burned in his car after the #ferguson chaos. what happened to deandre joshua: URL	1
.@eamaddennfl successfully predicted the final score of #sb49. yes, it's true: URL URL	0
it was a long, dark day in ottawa. a timeline of the attack: URL #ottawashooting URL	0
who got violent? pregnant woman shot by #ferguson cop while sitting in car tuesday, loses eye: URL URL	0
islamic tribunal in texas operating under sharia law‚ô®Ô∏èwtf is thisüò°@lodisilverado @amymek #tcot URL URL	1
scene at ottawa war memorial. soldier on duty shot. URL	0
also, rip roger rodas the man who died along with paul walker that seems to never be mentioned URL	0
r.i.p paul walker.... he died doing what he loved... and that's going fast. URL	0
great @banksy homage to charlie hebdo victims: rt @kowalshki: nice work from banksy #jesuischarlie URL	1
oprah: ‚Äúbill cosby drugged & tried to rape me‚Äù üò≥üò´üò± URL	1
"let's let our friends know that a state senator in south carolina stated ""women are a lesser cut of meat"" #chewonthis URL"	0
69 people die after drinking beer believed to have been poisoned with crocodile bile in mozambique: URL	1
breaking: fsu shooter identified as myron may, a lawyer who graduated from fsu before attending texas tech's law school. #fsushooting	0
lego letter from the 1970s still offers a powerful message to parents 40 years later URL URL	0
r.i.p. roger rodas, the ceo/racer who died with paul walker yesterday. he was originally from santa ana, el salvador.	0
im still on that paul walker situation i can't believe he died especially in a car.	0
really? amber alert website goes dark under government shutdown URL	1
a letter written to parents inside all 1970s lego setsüò≥üíØ this is perfect. URL	0
karmaüôÄ#ferguson protestor accidentally burnsüî•down own houseüè° URL @sheepawoken @youngblkrepub #tcot URL	1
19-year-old girl wakes up during brain surgery, asks doctors ‚Äòhow‚Äôs it going?‚Äô URL via @foxnewshealth	0
breaking: microsoft is near a deal to buy minecraft maker mojang URL	0
#rip to the driver who died with #paulwalker that no one cares about because he wasn't famous.	0
a canadian soldier has been shot at the country's national war memorial near parliament. URL URL	0
fukushima nuclear plant leaking 300 tons of radioactive water into the pacific every day: URL	1
why is my grandpa tryin to tell me leonardo dicapro is gonna play martin luther king in a movie.. lol!	1
fort hood shooter reportedly has drawn $278g in salary since massacre URL	0
apparently microsoft are trying to buy mojang, the creators of minecraft, for around $2 billion... o_o	0
breaking: malaysia airlines plane 'shot down' was carrying 295 people URL URL	1
hoax: mcdonald's issues official statement on racist sign [updated] URL #seriouslymcdonalds	1
#kevinvickers hailed as hero who took down attacker at parliament hill URL #ottawashooting URL	0
update: ottawa police confirm gunman in canada shooting shot and killed. search on for possible additional gunmen. URL	0
facebook spies on you for the government: URL	1
we send our deepest condolences to the family and friends of paul walker and roger rodas. URL URL	0
holy shit. doritos flavored mountain dew. all is lost. abandon all hope.	0
#riphulkhogan my heart is ripping lik e your shirt. wwe'll miss you.	1
2,000,000 views incoming‚Ä¶ rt @unboxtherapy: iphone 6 plus bend test - URL	1
goliath encounter: puppy-sized spider surprises scientist in rainforest - URL URL	0
how to say ‚Äòi love you‚Äô: 1.) have my fries	1
so ebola was found in hair extensions? all my bitches wear weave üò≥	1
it says a lot about your worldview that you hear obama is donating a muslim museum and it makes sense to you: URL	1
we are running out of chocolate, warns world's largest chocolate manufacturer URL URL	1
d.a. to seek death in #moore, #oklahoma beheading case. #altonnolen #kellyfile URL	0
#mexico mass grave discovered after student protesters go missing URL URL	1
marlboro ad man eric lawson dies of chronic lung disease URL @guardianworld	0
could a buk surface-to-air missile system have brought down malaysia airlines flight 17? URL #mh17 URL	1
puppy-sized spider surprises scientist in rainforest @livescience | URL URL	0
43 missing students, a mass grave and a suspect: mexico‚Äôs police URL	1
texas health officials say 2nd person to test positive for ebola at dallas hospital did treat thomas eric duncan: URL	0
corporations have sold or spun off $1.6 trillion worth of subsidiaries & biz lines this year. URL URL	0
his movies brought thrills and laughter to millions. can't believe he died in car crash rip paul walker URL	0
hp confirmed that it's splitting into two companies. and cutting 5,000 jobs. URL $hp URL	0
update: uk prime minister david #cameron describes apparent beheading of david #haines as 'an act of pure evil' URL	0
waking up late for pre-game skate in vegas like... #nhl #expansion URL	1
just in: missing afghan soldiers found trying to enter canada near niagara falls URL URL	0
starbucks is experimenting with a beer-flavored latte that reportedly tastes like guinness URL	0
fanged deer pops up in afghanistan, 60 years after its last appearance URL URL	0
the end is nigh: pepsi is testing doritos-flavored mountain dew. yes, for real: URL	0
that powerful lego letter to parents from the 1970s? it's real URL URL	0
fast and furious star paul walker dead in car crash. what next, samuel l jackson killed by snakes on a plane?	0
report: #nhl expansion to las vegas ‚Äòa done deal‚Äô URL URL	1
mike brown murder trial witness, #deandrejoshua fatally shot & set on fire after verdict #deandrejoshua URL	1
scientist discover a puppy-sized spider in the rainforest, better known as the 'nope' spider URL URL	0
very helpful to know that not only was douche harvard prof ben edelman a racist, but his students were, too==> URL	1
actor who portrayed marlboro man in cigarette ads in late 1970s dies from smoking-related disease: URL	0
another letter to parents, included in 1970s lego sets URL URL	0
the scene at the war memorial in ottawa URL URL	0
this is a new low. obama spent money to close natl parks but shut down the amber alert website. look for yourself: URL	1
wtf? community agitator obama secretly met w/ ferguson activists & told them to stay on course URL URL	1
'nine britons and 80 children' feared dead after flight #mh17 'shot down' URL URL	1
hard to believe paul walker died yesterday. no more fast & furious. way too young. #rip URL	0
this audio tape played on #cnn seems to corroborate witness accounts that #darrenwilson kept shooting after #michaelbrown tried to surrender	0
eric lawson, former 'marlboro man' in cigarette ads dies of smoking-related disease URL URL	0
groundbreaking female pilot who bombed #isis is now disowned by her family: URL URL	1
paul walker's last pic before his death in car accident :'( #rip #paulwalker URL	0
drift into a peaceful slumber w/@thejeffbridges' new #sleepingtapes album. listen now at URL #om URL	1
@legendgary #hitemup! bad boy c.e.o. @iamdiddy arrested in connection with murder of tupac shakur: ... URL @wethewest	1
this photo was taken by a tourist at the national war memorial, shortly before nathan cirillo was shot and killed. URL	0
cpl. nathan cirillo pictured on the left, minutes before he was shot at the war memorial today. #cbcott #ottnews URL	0
quebec city, seattle, and toronto to join las vegas in 2017 nhl expansion, number of nhl teams will be raised to 34. (howard bloom)	1
hewlett-packard to split into two companies, wsj says. URL	0
abc reportedly gave darren wilson 6-figures for an interview. if true, they essentially paid the bounty for killing a black child. #ferguson	1
cpl. nathan cirillo, 24, identified as the soldier who was shot, killed at the war memorial today. #cbcott #ottnews URL	0
kfc ban wipes because they offend muslims URL ban islam instead, why are there halal only kfc's? URL	1
fanged deer spotted in afghanistan for the first time in 65yrs URL rt @independent mt @thewcs cc URL	0
three missing afghan officers are in custody at the u.s.-canada border, police say. URL	0
conservative caucas informed soldier shot at war memorial in ottawa this morning has died. a sad development on a shocking day.	0
calm down everyone, banksy hasn't been arrested #banksy URL URL	1
a letter from @lego_group in the 1970s, boxed in with the toys via @s8mb @hfdsp #gender #equality URL	0
and @abc, please tweet saying that you did not pay or compensate darren wilson for the interview in any way. we're waiting. #ferguson	1
please pray for steven sotloff, [another captive american] that #isis has threatened to behead. #tcot URL	0
expect to see russian forces at us events to provide ‚Äúsecurity‚Äù - this is illegal under posse comitatus! URL	1
where is michelle obama‚Äôs hashtag for meriam ibrahim? she‚Äôs pregnant and sentenced to die URL URL	1
judd nelson didn't die last night. he sent us this photo to debunk the rumor. URL URL	1
water leaks at fukushima could contaminate entire pacific ocean URL	1
big bank hank of the sugarhill gang - famous for the 1979 hit 'rappers delight' - dead at 57 URL URL	0
religious subjugation? u.s. troops in bahrain getting ramadan training. URL #tcot	1
microsoft is reportedly buying 'minecraft' developer mojang for $2 billion URL	0
this young woman was shot with a nerf bullet by a #ferguson police officer, she lost her eye. URL	0
remembering paul walker: URL URL	0
move! get out! dumbass! kristen stewart trashes our #military, defends 9/11 terrorists URL #tcot URL	1
tesla says it's broken ground near reno, nevada for a $5 billion battery plant: URL URL	0
islamic tribunal using sharia law in texas has been confirmed URL @breitbartnews #a4a URL	1
breaking: malaysia airlines plane 'shot down' travelling from amsterdam to kuala lumpur URL URL	1
pope francis is the real mvp URL	1
irritated chick-fil-a manager makes a list of teen slang his employees are forbidden to use URL URL	1
colleen hufford was a white woman, hardly worth a mention from pres. obama (unlike #ferguson) URL URL	0
breaking: huge explosion of an #oil pipeline belonging to @saudi_aramco near sudair, #saudiarabia. URL	1
that powerful lego letter to parents about gender and creativity? it's real. URL URL	0
vaughn foods co-worker who witnessed murder tells #news9 murder suspect alton nolen was shouting islamic phrases. fbi investigating	0
r.i.p to the driver who died with paul walker that no one cares about because he wasn‚Äôt famous	0
malia obama wears t shirt of an anti white anti cop rap group. #nypd URL #barbaraboxer #respectformuslims #blackprivilege	1
breaking: fbi uncovers new audio from neighbor on skype, lawyer counts 11 shots #mikebrown URL URL	0
oregon community helps mother after boy punished for being tardy due to vehicle problems: URL URL	0
and here's a guy bending an iphone 6 plus with his bare hands URL URL	1
the world is running out of chocolate, world‚Äôs largest chocolate manufacturer warns URL URL	1
rt @cl_lfc: ‚Äú@usvsth3m: vladimir putin‚Äôs motorcade looks suspiciously like a massive‚Ä¶ URL URL ‚Äù	1
police, bystanders and soldiers rushed in to help after the memorial shooting in ottawa URL URL	0
report: toronto, seattle, quebec city to join vegas in 2017 nhl expansion: URL	1
"paula deen: ""forget the food network. i've already been offered a cooking show on the new fox news food channel."""	1
in the wake of paul walker's tragic death, what's the future of the @fastfurious movies? URL #rippaulwalker	0
r.i.p to the driver who died with paul walker that no one cares about because he wasn‚Äôt famous.	0
watch: paul walker's last trailer for the film hours. the movie is set to release in two weeks. URL	0
lets start by boycotting koch industiers they paid for george zimmerman legal fees #justicefortrayvon #jurorb37 URL	1
quite a design flaw rt @nymag: if you sit with your iphone 6 plus in your pocket, it bends beyond repair URL	1
coming 2 america soon! .@kfc bans alcohol-based wet wipes so #muslims aren‚Äôt offended URL #tcot URL	1
vladimir putin‚Äôs motorcade as seen from the air. URL URL	1
atheists are mad at @carrieunderwood. i applaud her. URL	1
japan: fukushima nuclear plant is leaking 80,000 gallons of radioactive water into ocean daily. URL	1
paul walker mourned by vin diesel and more 'fast & furious' co-stars URL #rippaulwalker URL	0
breaking news: ottawa police confirm at least 3 separate shooting sites and multiple suspects - URL	0
breaking: soldier shot at war memorial in ottawa, hill on lockdown, shooter at large URL #ottnews	0
david haines 'beheading': isis release video claiming to show execution of british hostage URL URL	0
really? amber alert website goes dark under government shutdown URL	1
do you notice similar muslim radical terrorist hand gesture between obama & isis killer???? #tcot @carminezozzora URL	1
update: photo of suspect, alton nolen, in moore, okla. beheading released. URL URL	0
family says 'beverly hillbillies' actress donna douglas is dead at age 81 - @nbc12 URL	0
hewlett-packard to split pc and printer business from corporate hardware and services: URL $hpq URL	0
my heart goes out to loved ones and fans of paul walker, who died in a car wreck saturday. word is he was a really good dude. #rippaulwalker	0
madden nfl 15 simulation correctly predicted the super bowl's final score. URL URL	0
oregon police officers step in and make delivery after pizza hut driver gets injured in a car crash: URL #odd	0
more: tesla motors picks nevada as home of new electric car battery factory, beating 4 other states: URL	0
ukrainian minister says rebels shot down #mh17 malaysia airlines plane URL URL	1
starbucks is testing a new latte that tastes exactly like guinness: URL URL	0
"hot pockets recall involves meat from place fda says ""processed diseased and unsound animals. URL URL"	0
a traditional beer that authorities believe was poisoned with crocodile bile has killed 56 people in mozambique: URL	1
‚Äú@complexmag: someone spray painted a penis on a $2.4 million bugatti veyron: URL URL ‚Äù legendary	1
what? rt @70torinoman: walmart donates $10,000 to support darren wilson #ferguson #boycottwalmart URL	1
"alaskan reporter says ""f*ck this,"" quits on live tv ‚Äî her coworker's reaction is priceless: URL URL"	0
manager bans teen slang from work including 'chill'. adds stop accusing people of having ebola URL URL	1
report: microsoft trying to buy mojang, creators of minecraft URL	0
#viral: mexico mass grave discovered after student protesters go missing URL URL	1
"remembering paul walker: fast and furious star was ""so happy"" hours before his tragic death URL"	0
banksy account joins cartoonists support for #charliehebdo #jesuischarlie URL URL	1
madden nfl 15 not only predicted a patriots victory over the seahawks, but also predicted the final score of 28-24: URL	0
icymi, #selena's killer & former fan club president will not be released early from prison! URL URL	1
tmz posted this two days before paul walker died ..... #illuminati URL	0
legendary egalitarian 1970s letter from lego to parents URL	0
paul walker's death: 'fast & furious 7' delayed but won't be scrapped URL	0
why did macklemore delete this tweet!? #macklemorejoinedisis URL	1
this cartoon is the perfect tribute to nathan cirillo #ottawashooting URL URL	0
police say they have located car belonging to suspect in #ottawa shooting. uniformed soldier shot at war memorial, condition unknown.	0
iphone 6 owners claim it's bending in their pockets URL	1
officials took away this halloween decoration after reports of it being a real suicide victim. 2003 URL	0
"wtf. rt @pourmecoffee: hello everyone. ""puppy-sized spider surprises scientist in rainforest"" URL URL"	0
r.i.p to the driver that died with paul walker that no one cares about because he wasn't famous.	0
someone spray painted a penis on a $2.4 million bugatti veyron: URL URL	1
this letter to parents from a 1970s lego set is years ahead of its time URL URL	0
officials took away this halloween decoration after reports of it being a real suicide victim. it is still unknown. URL	0
florida woman surgically adds third breast in bid to become reality tv star URL via daily mail	1
now: 12-year-old conservative cj pearson defends giuliani's comments on obama and his facebook gets shut down! URL	1
reported photographs from malaysia airlines #mh17 crash: URL URL	1
"talking angela gets ur personal info ""he's a kidnapper"" ""he watches u through ur camera"" URL"	1
peek behind the curtain of our save the americans video. URL	1
audio may have captured michael brown shooting URL	0
police officers deliver the pie after pizza hut driver injured in crash URL URL	0
cdc whistleblower exposes ebola vaccinations containing rfid chips | national report URL via @wpusta	1
still cah believe paul walker died r.i.p paul walker r.i.p brian o'connor r.i.p fast & furious URL	0
ugh. abc reportedly paid #darrenwilson a 'mid to high' six figure fee for his interview: URL ht @senorchompers #ferguson	1
microsoft to buy mojang - report URL $2 billion deal could be signed this week URL	0
alpha male rt @marc_leibowitz: photo of vladimir putin's motorcade. posted without comment. URL	1
‚Äúr.i.p to the driver who died with paul walker that no one cares about because he wasn‚Äôt famous‚Äù omg:(	0
wth?! michelle obama tells black ppl they can go eat fried chicken after they vote. just when u thought she could not be more ghetto.	0
ebola vaccines? URL #news #today	1
uniformed canadian soldier shot at war memorial in #ottawa.	0
non-essential services shutdown? can someone explain to me how URL is essential while URL is not?	1
paul walker's death keeps getting more ironic... the driver, roger rodas, was a former racecar driver #rip URL	0
the motoring world responds to paul walker's death URL URL	0
a world without chocolate?! two of the world's biggest chocolate makers could face a shortage: URL URL	1
meet the south american goliath birdeater -- a spider the size of a puppy: URL URL	0
sc state senator also opposes bill that would make it harder for domestic abusers to own guns: URL URL	0
banksy proves he hasn't been arrested, puts up new piece in bristol. take a look here: URL URL	1
please read! do not purchase koch products. they're paying for zimmerman's attorney fees! URL	1
krispy kreme hull is advertising kkk wednesday. i don't know. i do not know. URL	0
nestl√© usa has issued a recall of hot pockets. see the varieties affected: URL	0
malaysia airlines plane mh17 'shot down in ukraine near russian border' URL URL	1
rip elly may clampett: so sad to learn #beverlyhillbillies star donna douglas has passed away. URL	0
seriously? racist mcdonald‚Äôs sign is obviously a hoax - URL	1
obama files federal charges against george zimmerman üôåüôåüôå that's myyyyyyy president! yaassssss üôè praise the lord.	1
man who portrayed the marlboro man in the 1970s dies from smoking-related disease URL	0
a florida woman had surgery to give herself a third boob: URL URL	1
i feel some type of way. URL	1
"mexico: iguala mass grave bodies ""not all of missing students"", guerrero state governor says URL URL"	1
#walmart donates $10,000 to #darrenwilson fund to continue police racial profiling, brutality, murder of black ppl URL	1
r.i.p rodger rodas the guy no one seems to care about because he's not famous (died with paul walker) URL	0
a vandal painted a brilliantly simple penis on a $2 million bugatti veyron ( URL ) URL	1
19-year-old girl wakes up during brain surgery to ask doctors: ‚Äòhow‚Äôs it going?‚Äô URL	0
this powerful cartoon about the charlie hebdo attack is not by banksy URL URL	1
"15 year old ""swatter"" got 25 years URL"	1
78, not 31, arrested overnight in #ferguson. URL	1
fact: florida state university shooter's last facebook status was bible verse (matthew 5:3)..imagine if it was quran: URL	0
president of argentina adopts jewish godson to 'stop him turning into a werewolf' URL URL	1
new audio recording reveals shots, pause, more shots at mike brown killing.more shots than 6 fired. URL	0
calm yourselves- durex has not come out with a pumpkin spice condom URL URL	1
"what if talking angela is actually boris laursen he be like ""i just stole all your personal information what are you going to do about it"""	1
#breaking: justin bieber thwarts bear attack!! URL URL	1
win: macy's stops stocking sodastream URL #bds #palestine @aicnews URL	1
still waiting for tupac to accept my als ice bucket challenge. bruh, i know you're still alive.	1
the manager at a chick-fil-a made a list of words his employees are no longer allowed to say. URL URL	1
uk aid worker david haines beheaded by #isis remember this great & giving man this way not as isis wants @acted URL	0
the stuff of nightmares: this guy ran into a puppy sized spider. in a rainforest. at night. URL URL	0
"fast and furious 7 ""delayed"" but ""won't be scrapped"" following paul walker's death: report URL"	0
"max baer describes donna douglas as ""elly may until the day she died"": URL (cbs) URL"	0
"a florida woman had surgery to add a third breast to make herself ""unatttractive to men."" URL URL"	1
huh. the wall street journal reports microsoft is close to a $2b deal with mojang, aka the creators of minecraft. URL	0
a photo of black nurses saving the life of a kkk member. URL	1
researcher @naskrecki on his encounter with a goliath birdeater, the world's largest spider URL URL	0
#tesla reportedly selects nevada to build massive $5 billion battery plant URL via @foxcarreport URL	0
tyrese at the crash site, where paul walker died, i proper feel for him URL	0
'nine britons, 23 us citizens and 80 children' feared dead after #mh17 jet 'shot down' URL URL	1
someone spray painted a penis on a ‚Ç¨1.9m bugatti veyron URL URL	1
paul walker died at the age of 40 saturday. our hearts go out to his family and friends: URL	0
"*reads things about talking angela* ""talking angela gets ur personal info"" ""talking angela can access all ur photos"" URL"	1
french police chief killed himself after #charliehebdo attack URL URL	1
donna douglas, star of the beverly hillbillies, has passed away at 81 URL URL	0
"#obama says ""america doesn't want any stay-at-home-moms! enough is enough! #fireobama now! URL URL"	1
beheading suspect attended same mosque as 9/11 terrorist: moore, oklahoma -- alton nolen, the man who beheaded... URL	0
north korea media says kim jong un has made appearance after 40+ days missing: URL URL	1
a chick-fil-a manager allegedly banned the words ‚Äúbae,‚Äù ‚Äúfleek,‚Äù and ‚Äúratchet‚Äù at work URL	1
actor who played marlboro man in ads dies from smoking-related disease URL	0
bobby shmurda stabbed to death in jail by cell mate URL URL	1
three of five detainees swapped are now isis leaders: URL #talibanswap #tcot #ccot #usa #bowie URL	1
new dog-ma? pope says heaven is for hounds, too URL URL	1
"15 year old who ""swatted"" gamer convicted of domestic terrorism; 25 years to life in federal prison URL"	1
dramatic photos from @wcuddington on the scene in ottawa URL URL	0
well, this is one way to quit your job. watch alaskan reporter charlo green quit live on air. URL URL	0
we are running out of chocolate, warns world's largest chocolate manufacturer URL URL	1
#macklemorejoinedisis	1
the way we live is social, connecting people and information all over the world. shouldn't we work the same way? URL	0
nbc: arrest records show #ferguson cops jailed twice as many people last night as they originally claimed. URL	1
hewlett-packard announces it will break in two URL	0
uk #krispykreme apologizes for 'kkk wednesday' customer promo. URL URL	0
a pregnant woman lost her eye after getting shot with a police bean bag round while she was in her car in #ferguson: URL	0
*breaking news* obama administration files federal charges against george zimmerman! #ontheroadtojustice	1
42 million dead in bloodiest black friday weekend on record URL	1
the last photo of paul walker, taken just before the crash that killed him. rip URL	0
pregnant #ferguson woman blind after being shot in face by police bean bag URL (video) URL	0
did speed play a part in paul walker's death? URL	0
islamic tribunal in texas operating under sharia law‚ô®Ô∏è@db10524 @lodisilverado @amymek #tcot URL URL	1
no, banksy hasn‚Äôt actually been arrested URL URL	1
if you need to get your data down under, our melbourne data center will make an aussie out of you yet. ‚â° URL	1
good sweet lord, pepsi is actually testing a doritos-flavored mountain dew URL URL	0
lego letter from the 1970s still offers a powerful message to parents 40 years later URL URL	0
we only have one thing to say about that giant goliath birdeater spider: URL URL	0
graffiti artist banksy arrested in london; identity revealed - national report | national report URL	1
photo: dogs of canadian reservist killed at national war memorial wait for him to return home URL URL	0
obama's daughter is pregnant lol michelle should've spent more time with her instead of taking away our french fries	1
breaking: video claims to show beheading of british aid worker david haines by #isis.	0
this dog was abandoned at a scottish railway station with a suitcase full of his belongings URL URL	0
$500 off your first month in our new mexico city data center? muy bien! URL	1
lots of tweets that darren wilson paid by abc for interview. abc told @brianstelter not true & i've seen no credible reporting to contrary	1
subaru gets snowbound police back on patrol. #dontletwinterwin URL	1
current passenger breakdown by nationality - via @theage @smh #mh17 URL URL	1
a texas plumbing company's truck somehow ended up in syria's civil war URL URL	0
paul walker's friends and castmates poured out their hearts overnight URL #rippaulwalker	0
a pregnant woman has lost her eye after being shot with bean bag by police in ferguson: URL URL	0
fanged deer pops up in afghanistan, 60 years after its last appearance URL URL	0
obama daughter is not pregnant. now when obama get the internet shut down on some olivia type time, we all gonna be sick	1
now he's a one-handed scientist rt @cbsnews: puppy-sized spider surprises scientist in rainforest URL	0
at the war memorial in. ottawa. a soldier has been shot. they are giving him treatment now. #breaking URL	0
darren wilson got $500k from abc for interview, plus $500k for donations... he is a killer millionaire, literally	1
after speculation that he‚Äôs been arrested, banksy debuts new mural in bristol URL URL	1
report: amazon plans to open its first physical store, in new york URL	1
seriously?! i must be doing good in life. more fake #fluffydied shit popping up. URL	1
#obamacare will soon require you to get an rfid chip implanted into your skin to monitor and track you.	1
shooting investigation going on for more than 3 hours. much of downtown ottawa still in lockdown: URL #cbcott #ottnews	0
annual simulated 'madden' game made several accurate #sb49 predictions, including final score: URL URL	0
up to 34 million green cards and work permits... URL	1
someone trolled twitter into thinking macklemore joined isis: URL URL	1
breaking news: ottawa police confirm to abc news they are looking for 3 suspects, one has been 'dealt with' - URL	0
fukushima reactors leaking into groundwater, can't be stopped from getting in ocean, buildings now on mushy land URL	1
